{
  "main": {
    "id": "85e6fc3cca51318c",
    "type": "split",
    "children": [
      {
        "id": "7b8fe05334ca7461",
        "type": "tabs",
        "children": [
          {
            "id": "f6b65bdde4e7a59d",
            "type": "leaf",
            "state": {
              "type": "markdown",
              "state": {
                "file": "VPN溯源/VPN AC基本分析.md",
                "mode": "source",
                "source": false
              }
            }
          }
        ]
      }
    ],
    "direction": "vertical"
  },
  "left": {
    "id": "375ee434bf420ea2",
    "type": "split",
    "children": [
      {
        "id": "627afb866c04faca",
        "type": "tabs",
        "children": [
          {
            "id": "c21199aa0d75bee7",
            "type": "leaf",
            "state": {
              "type": "file-explorer",
              "state": {
                "sortOrder": "alphabetical"
              }
            }
          },
          {
            "id": "fd00f76a8b7b8ea1",
            "type": "leaf",
            "state": {
              "type": "search",
              "state": {
                "query": "",
                "matchingCase": false,
                "explainSearch": false,
                "collapseAll": false,
                "extraContext": false,
                "sortOrder": "alphabetical"
              }
            }
          },
          {
            "id": "a3d88f0a7d209689",
            "type": "leaf",
            "state": {
              "type": "bookmarks",
              "state": {}
            }
          }
        ]
      }
    ],
    "direction": "horizontal",
    "width": 300
  },
  "right": {
    "id": "5432983adbbbc3dc",
    "type": "split",
    "children": [
      {
        "id": "5999b1cd8683922a",
        "type": "tabs",
        "children": [
          {
            "id": "ee1f59e299c9d6d6",
            "type": "leaf",
            "state": {
              "type": "backlink",
              "state": {
                "file": "VPN溯源/VPN AC基本分析.md",
                "collapseAll": false,
                "extraContext": false,
                "sortOrder": "alphabetical",
                "showSearch": false,
                "searchQuery": "",
                "backlinkCollapsed": false,
                "unlinkedCollapsed": true
              }
            }
          },
          {
            "id": "1d6e63cd3be7a222",
            "type": "leaf",
            "state": {
              "type": "outgoing-link",
              "state": {
                "file": "VPN溯源/VPN AC基本分析.md",
                "linksCollapsed": false,
                "unlinkedCollapsed": true
              }
            }
          },
          {
            "id": "34a879766c5a305e",
            "type": "leaf",
            "state": {
              "type": "tag",
              "state": {
                "sortOrder": "frequency",
                "useHierarchy": true
              }
            }
          },
          {
            "id": "28176c597cf700fe",
            "type": "leaf",
            "state": {
              "type": "outline",
              "state": {
                "file": "VPN溯源/VPN AC基本分析.md"
              }
            }
          }
        ]
      }
    ],
    "direction": "horizontal",
    "width": 300,
    "collapsed": true
  },
  "left-ribbon": {
    "hiddenItems": {
      "switcher:打开快速切换": false,
      "graph:查看关系图谱": false,
      "canvas:新建白板": false,
      "daily-notes:打开/创建今天的日记": false,
      "templates:插入模板": false,
      "command-palette:打开命令面板": false
    }
  },
  "active": "c21199aa0d75bee7",
  "lastOpenFiles": [
    "VPN溯源.zip",
    "2024-06-26.md",
    "VPN溯源/VPN AC基本分析.md",
    "VPN溯源/VPN类型基于协议.md",
    "VPN溯源/SURFSHARK基本分析.md",
    "VPN溯源/PROTON基本分析.md",
    "VPN溯源/LETS VPN基本分析.md",
    "VPN溯源/市面机场统计.md",
    "Pasted image 20240627143939.png",
    "Pasted image 20240627143749.png",
    "Pasted image 20240627143451.png",
    "Pasted image 20240627143303.png",
    "Pasted image 20240627143217.png",
    "Pasted image 20240627142856.png",
    "Pasted image 20240627141951.png",
    "Pasted image 20240627124613.png",
    "Pasted image 20240627124414.png",
    "Pasted image 20240627124250.png",
    "lets vpn.pcapng",
    "快连沙箱报告.pdf",
    "VPN溯源"
  ]
}